Rahul,11,Karnataka ,Bangalore
Abhishek,12,Andhra Prdesh,Visakhapatnam
Aditya,13,Haryana,Chandigarh
Amit,14,Gujarat,Gandhinagar
Mahesh,15,Meghalaya,Shillong
Yash,16,Tamil Nadu,Chennai
Ankit,17,West Bengal,Kolkata
Kushal,18,Uttar Pradesh,Prayagraj
Rohit,19,NCR,Delhi
Sparsh,20,Punjab,Ludhiana
